n_plus,n_minus,n_target,pi_target,pi,var_n,var,seed
150,150,100.0,0.25,,0.007144483243107327,0.306192138990314,
150,150,200.0,0.25,,0.004400045112770485,0.2400024606965719,
150,150,300.0,0.25,,0.0034852324026582045,0.20911394415949228,
150,150,400.0,0.25,,0.0030278260476020637,0.1912311187959198,
150,150,500.0,0.25,,0.0027533822345683803,0.17956840660228565,
150,150,1000.0,0.25,,0.0022044946085010113,0.15380194943030312,
150,150,1500.0,0.25,,0.0020215320664785552,0.1443951476056111,
