n_plus,n_minus,n_target,pi_target,pi,var_n,var,seed
150,150,100.0,0.75,,0.005146813814401432,0.2205777349029185,
150,150,200.0,0.75,,0.0030016765126763584,0.16372780978234683,
150,150,300.0,0.75,,0.002286630745434668,0.13719784472608007,
150,150,400.0,0.75,,0.0019291078618138221,0.12183839127245191,
150,150,500.0,0.75,,0.0017145941316413147,0.11182135641139009,
150,150,1000.0,0.75,,0.0012855666712963002,0.08969069799741629,
150,150,1500.0,0.75,,0.0011425575178479618,0.08161125127485441,
