n_plus,n_minus,n_target,pi_target,pi,var_n,var,seed
150,150,100.0,0.25,,0.004705764823925946,0.20167563531111196,
150,150,200.0,0.25,,0.002769171356657965,0.15104571036316172,
150,150,300.0,0.25,,0.0021236402009019717,0.1274184120541183,
150,150,400.0,0.25,,0.0018008746230239747,0.11373944987519839,
150,150,500.0,0.25,,0.0016072152762971765,0.10481838758459847,
150,150,1000.0,0.25,,0.0012198965828435805,0.08510906391931956,
150,150,1500.0,0.25,,0.0010907903516923813,0.0779135965494558,
