n_plus,n_minus,n_target,pi_target,pi,var_n,var,seed
250,250,300.0,0.25,,0.0037887959796819395,0.08743375337727552,
250,250,300.0,0.25,,0.0025399291455969635,0.10885410623986987,
250,250,300.0,0.25,,0.0021236402009019717,0.1274184120541183,
250,250,300.0,0.25,,0.0019154957285544753,0.14366217964158565,
250,250,300.0,0.25,,0.0017906090451459782,0.15799491574817454,
