n_plus,n_minus,n_target,pi_target,pi,var_n,var,seed
250,250,100.0,0.25,,0.02228232652215787,0.4456465304431574,
250,250,200.0,0.25,,0.011141163261078935,0.4456465304431574,
250,250,300.0,0.25,,0.007427442174052623,0.4456465304431574,
250,250,400.0,0.25,,0.005570581630539468,0.4456465304431574,
250,250,500.0,0.25,,0.004456465304431574,0.4456465304431574,
