n_plus,n_minus,n_target,pi_target,pi,var_n,var,seed
250,250,300.0,0.25,,0.014985711256333318,0.34582410591538426,
250,250,300.0,0.25,,0.009317009444622798,0.3993004047695485,
250,250,300.0,0.25,,0.007427442174052623,0.4456465304431574,
250,250,300.0,0.25,,0.006482658538767537,0.48619939040756527,
250,250,300.0,0.25,,0.005915788357596485,0.5219813256702781,
