n_plus,n_minus,n_target,pi_target,pi,var_n,var,seed
250,250,100.0,0.75,,0.0068598922363040035,0.13719784472608007,
250,250,200.0,0.75,,0.0034299461181520018,0.13719784472608007,
250,250,300.0,0.75,,0.002286630745434668,0.13719784472608007,
250,250,400.0,0.75,,0.0017149730590760009,0.13719784472608007,
250,250,500.0,0.75,,0.0013719784472608007,0.13719784472608007,
