n_plus,n_minus,n_target,pi_target,pi,var_n,var,seed
250,250,100.0,0.25,,0.006370920602705915,0.1274184120541183,
250,250,200.0,0.25,,0.0031854603013529575,0.1274184120541183,
250,250,300.0,0.25,,0.0021236402009019717,0.1274184120541183,
250,250,400.0,0.25,,0.0015927301506764788,0.1274184120541183,
250,250,500.0,0.25,,0.001274184120541183,0.1274184120541183,
