n_plus,n_minus,n_target,pi_target,pi,var_n,var,seed
250,250,100.0,0.25,,0.010455697207974615,0.20911394415949228,
250,250,200.0,0.25,,0.0052278486039873074,0.20911394415949228,
250,250,300.0,0.25,,0.0034852324026582045,0.20911394415949228,
250,250,400.0,0.25,,0.0026139243019936537,0.20911394415949228,
250,250,500.0,0.25,,0.0020911394415949226,0.20911394415949228,
