n_plus,n_minus,n_target,pi_target,pi,var_n,var,seed
250,250,300.0,0.75,,0.003999709167337239,0.09230098078470551,
250,250,300.0,0.75,,0.0027149003509103105,0.11635287218187045,
250,250,300.0,0.75,,0.002286630745434668,0.13719784472608007,
250,250,300.0,0.75,,0.002072495942696847,0.1554371957022635,
250,250,300.0,0.75,,0.0019440150610541538,0.17153074068124885,
